{
  "conv1": {
    "type": "conv",
    "weight_shape": [
      16,
      1,
      5
    ],
    "bias_shape": [
      16
    ],
    "weight_words": 80,
    "bias_words": 16,
    "quant_scheme": "symmetric_per_channel",
    "zero_point": 0,
    "w_scale_min": 0.008057542145252228,
    "w_scale_max": 0.09088630229234695,
    "w_scales": [
      0.014036253094673157,
      0.07927948236465454,
      0.008057542145252228,
      0.09088630229234695,
      0.06795114278793335,
      0.010958602651953697,
      0.07804219424724579,
      0.01198950968682766,
      0.016530679538846016,
      0.043077610433101654,
      0.038747694343328476,
      0.03186962381005287,
      0.07208889722824097,
      0.032154329121112823,
      0.046481966972351074,
      0.04502085596323013
    ]
  },
  "conv2": {
    "type": "conv",
    "weight_shape": [
      32,
      16,
      5
    ],
    "bias_shape": [
      32
    ],
    "weight_words": 2560,
    "bias_words": 32,
    "quant_scheme": "symmetric_per_channel",
    "zero_point": 0,
    "w_scale_min": 0.0013962748926132917,
    "w_scale_max": 0.0053150164894759655,
    "w_scales": [
      0.00271151727065444,
      0.004161993507295847,
      0.0018759452505037189,
      0.0036551388911902905,
      0.0036191390827298164,
      0.0026410692371428013,
      0.0019792276434600353,
      0.0030680750496685505,
      0.0053150164894759655,
      0.002781718736514449,
      0.003160347929224372,
      0.0036901142448186874,
      0.002517056418582797,
      0.003469810588285327,
      0.0016262572025880218,
      0.0030995041597634554,
      0.0029463910032063723,
      0.0021046216133981943,
      0.003061154391616583,
      0.0020312757696956396,
      0.0013962748926132917,
      0.0015198283363133669,
      0.0020647987257689238,
      0.0025672144256532192,
      0.001612375839613378,
      0.002016625599935651,
      0.0020952147897332907,
      0.003249675966799259,
      0.003001590259373188,
      0.002974865958094597,
      0.002426201943308115,
      0.0024268734268844128
    ]
  },
  "conv3": {
    "type": "conv",
    "weight_shape": [
      64,
      32,
      3
    ],
    "bias_shape": [
      64
    ],
    "weight_words": 6144,
    "bias_words": 64,
    "quant_scheme": "symmetric_per_channel",
    "zero_point": 0,
    "w_scale_min": 0.0029971268959343433,
    "w_scale_max": 0.009128972887992859,
    "w_scales": [
      0.005440764129161835,
      0.007285156287252903,
      0.006628793198615313,
      0.007200335152447224,
      0.006298552732914686,
      0.007704258896410465,
      0.004669811576604843,
      0.006474640686064959,
      0.0077994633466005325,
      0.008733047172427177,
      0.006427162792533636,
      0.005717867519706488,
      0.004636406898498535,
      0.006875025574117899,
      0.006419697776436806,
      0.005615946836769581,
      0.004041197244077921,
      0.005323754623532295,
      0.0060517191886901855,
      0.005540180951356888,
      0.004106457810848951,
      0.006576502230018377,
      0.0057703666388988495,
      0.005986812058836222,
      0.005927952006459236,
      0.004820162430405617,
      0.0038948969449847937,
      0.0069491071626544,
      0.005369159858673811,
      0.006279145833104849,
      0.008813563734292984,
      0.005360023584216833,
      0.0051342519000172615,
      0.004883670248091221,
      0.008122643455862999,
      0.006964774336665869,
      0.004603370558470488,
      0.0030175447463989258,
      0.00350396241992712,
      0.005237449426203966,
      0.007320310454815626,
      0.006879447493702173,
      0.004628435242921114,
      0.007356171030551195,
      0.006104927510023117,
      0.004427104722708464,
      0.005698328372091055,
      0.0029971268959343433,
      0.008646059781312943,
      0.005649007391184568,
      0.005209422204643488,
      0.007219159509986639,
      0.00429427670314908,
      0.007583274506032467,
      0.006670687347650528,
      0.005960683338344097,
      0.005541786085814238,
      0.006592391058802605,
      0.005134359002113342,
      0.0069067771546542645,
      0.009128972887992859,
      0.004682290367782116,
      0.004485056269913912,
      0.004749966785311699
    ]
  },
  "fc1": {
    "type": "fc",
    "weight_shape": [
      64,
      1472
    ],
    "bias_shape": [
      64
    ],
    "weight_words": 94208,
    "bias_words": 64,
    "quant_scheme": "symmetric_per_tensor",
    "zero_point": 0,
    "w_scale_min": 0.00264212884940207,
    "w_scale_max": 0.00264212884940207,
    "w_scales": [
      0.00264212884940207
    ]
  },
  "fc2": {
    "type": "fc",
    "weight_shape": [
      1,
      64
    ],
    "bias_shape": [
      1
    ],
    "weight_words": 64,
    "bias_words": 1,
    "quant_scheme": "symmetric_per_tensor",
    "zero_point": 0,
    "w_scale_min": 0.0029866269323974848,
    "w_scale_max": 0.0029866269323974848,
    "w_scales": [
      0.0029866269323974848
    ]
  }
}